Stock,totalDifference,Start,End
AACG,-0.009999990463256836,1.350000023841858,1.340000033378601
AAL,-12.25,29.09000015258789,16.84000015258789
AAOI,-1.5,12.5,11.0
ABCB,-1.4800033569335938,42.7400016784668,41.2599983215332
ABEO,-1.2699999809265137,3.2100000381469727,1.940000057220459
ABIO,-1.1599998474121094,5.679999828338623,4.519999980926514
ABTX,-1.9300003051757812,37.470001220703125,35.540000915527344
ACBI,-0.07499885559082031,18.2549991607666,18.18000030517578
ACER,-0.14999985694885254,3.7899999618530273,3.640000104904175
ACGL,-11.380001068115234,43.400001525878906,32.02000045776367
ACGLP,-0.049999237060546875,25.739999771118164,25.690000534057617
ACIU,-2.5099997520446777,8.65999984741211,6.150000095367432
ACNB,-11.939998626708984,37.0099983215332,25.06999969482422
ACOR,-5.020000457763672,11.760000228881836,6.739999771118164
ACST,-1.7000001072883606,2.380000114440918,0.6800000071525574
ADES,-5.310000419616699,10.430000305175781,5.119999885559082
ADIL,-0.28999996185302734,2.440000057220459,2.1500000953674316
ADMA,-1.4849998950958252,3.934999942779541,2.450000047683716
ADP,-3.970001220703125,170.32000732421875,166.35000610351562
ADTX,-1.7999999523162842,5.059999942779541,3.259999990463257
ADXN,-0.1400003433227539,11.300000190734863,11.15999984741211
ADXS,-0.38700002431869507,1.090000033378601,0.703000009059906
AEGN,-3.1300010681152344,22.110000610351562,18.979999542236328
AERI,-6.909999847412109,23.799999237060547,16.889999389648438
AESE,-0.6500000953674316,2.690000057220459,2.0399999618530273
AEZS,-0.18000000715255737,0.8799999952316284,0.699999988079071
AFIB,-1.3099994659423828,26.5,25.190000534057617
AFIN,-5.310000419616699,12.760000228881836,7.449999809265137
AFYA,-4.289999008178711,27.579999923706055,23.290000915527344
AGEN,-0.08999991416931152,4.039999961853027,3.950000047683716
AGFS,-0.809999942779541,2.75,1.940000057220459
AGLE,-0.46000003814697266,7.75,7.289999961853027
AGMH,-0.8899993896484375,16.139999389648438,15.25
AGNC,-1.890000343322754,17.780000686645508,15.890000343322754
AGNCM,-1.4399986267089844,25.889999389648438,24.450000762939453
AGNCN,-1.0300006866455078,26.100000381469727,25.06999969482422
AGNCO,-1.3699989318847656,25.799999237060547,24.43000030517578
AGNCP,-1.0200004577636719,24.979999542236328,23.959999084472656
AGRX,-0.16000008583068848,2.9700000286102295,2.809999942779541
AGTC,-0.20000004768371582,4.150000095367432,3.950000047683716
AGZD,-0.8400001525878906,48.119998931884766,47.279998779296875
AIH,-1.1499996185302734,6.489999771118164,5.340000152587891
AINV,-5.369998931884766,17.6299991607666,12.260000228881836
AKBA,-2.93500018119812,6.340000152587891,3.4049999713897705
AKER,-0.7309999465942383,3.3610000610351562,2.630000114440918
AKUS,-6.180000305175781,22.0,15.819999694824219
ALCO,-6.30999755859375,36.0099983215332,29.700000762939453
ALIM,-1.2799997329711914,8.15999984741211,6.880000114440918
ALJJ,-0.10000002384185791,1.3200000524520874,1.2200000286102295
ALNA,-1.220000147819519,2.890000104904175,1.6699999570846558
ALOT,-2.9200000762939453,13.699999809265137,10.779999732971191
ALTM,-3.1399993896484375,54.79999923706055,51.65999984741211
ALTY,-2.8289995193481445,14.798999786376953,11.970000267028809
AMAL,-4.75,19.25,14.5
AMNB,-11.19000244140625,39.400001525878906,28.209999084472656
AMOT,-1.7299995422363281,47.5099983215332,45.779998779296875
AMPH,-0.8900012969970703,19.350000381469727,18.459999084472656
AMRB,-2.320000648498535,15.220000267028809,12.899999618530273
AMRN,-13.450000762939453,21.530000686645508,8.079999923706055
AMSF,-11.169998168945312,66.23999786376953,55.06999969482422
AMTB,-7.030000686645508,21.600000381469727,14.569999694824219
AMTBB,-4.0,16.5,12.5
AMWD,-16.590003967285156,104.6500015258789,88.05999755859375
ANAT,-27.720001220703125,117.48999786376953,89.7699966430664
ANDE,-1.489999771118164,25.0,23.510000228881836
ANIK,-15.640003204345703,52.400001525878906,36.7599983215332
ANIP,-30.110000610351562,60.06999969482422,29.959999084472656
ANPC,-4.489999771118164,10.119999885559082,5.630000114440918
APA,-10.24000072479248,25.360000610351562,15.119999885559082
APEX,-7.950000047683716,10.0,2.049999952316284
APLT,-3.3600006103515625,28.770000457763672,25.40999984741211
APM,-10.339999914169312,13.65999984741211,3.319999933242798
APRE,-39.5199990272522,45.29999923706055,5.78000020980835
APTO,-1.1700000762939453,5.53000020980835,4.360000133514404
APTX,-0.20000004768371582,3.680000066757202,3.4800000190734863
AQST,-0.7400002479553223,6.03000020980835,5.289999961853027
ARAV,-8.28000020980835,13.390000343322754,5.110000133514404
ARCC,-1.1599998474121094,18.65999984741211,17.5
ARCE,-10.380001068115234,44.25,33.869998931884766
ARDX,-0.3899998664855957,7.349999904632568,6.960000038146973
ARKR,-3.3299999237060547,22.030000686645508,18.700000762939453
ARLP,-5.990000247955322,11.5600004196167,5.570000171661377
AROW,-8.319999694824219,37.61000061035156,29.290000915527344
ARTL,-1.7269999980926514,2.7669999599456787,1.0399999618530273
ASET,-0.7080001831054688,30.479999542236328,29.77199935913086
ASMB,-14.109999656677246,19.899999618530273,5.789999961853027
ASPS,-9.0600004196167,19.510000228881836,10.449999809265137
ASRT,-0.5000000596046448,1.190000057220459,0.6899999976158142
ASRV,-0.8199996948242188,4.239999771118164,3.4200000762939453
ATAX,-3.0899996757507324,7.639999866485596,4.550000190734863
ATCX,-0.3599996566772461,10.180999755859375,9.821000099182129
ATEX,-6.599998474121094,42.7599983215332,36.15999984741211
ATIF,-0.8599998950958252,1.9299999475479126,1.0700000524520874
ATLO,-5.5,27.790000915527344,22.290000915527344
ATNI,-12.220001220703125,56.400001525878906,44.18000030517578
ATNX,-2.0900001525878906,15.800000190734863,13.710000038146973
ATRI,-100.9000244140625,739.0,638.0999755859375
ATRO,-15.669999122619629,27.959999084472656,12.289999961853027
ATXI,-2.669999599456787,8.899999618530273,6.230000019073486
AUB,-4.0800018310546875,37.68000030517578,33.599998474121094
AUBN,-13.270000457763672,52.77000045776367,39.5
AUPH,-5.189998626708984,21.459999084472656,16.270000457763672
AUTL,-5.550000190734863,12.960000038146973,7.409999847412109
AUVI,-6.750000476837158,11.600000381469727,4.849999904632568
AVCO,-0.7400000095367432,2.0,1.2599999904632568
AVCT,-2.616999626159668,10.63700008392334,8.020000457763672
AVDL,-0.3599996566772461,7.409999847412109,7.050000190734863
AVRO,-6.060000419616699,20.610000610351562,14.550000190734863
AVT,-5.8899993896484375,42.720001220703125,36.83000183105469
AXAS,-4.390000104904175,7.0,2.609999895095825
AXDX,-6.370000839233398,17.020000457763672,10.649999618530273
AXSM,-30.419998168945312,101.30999755859375,70.88999938964844
AYLA,-1.0900001525878906,15.029999732971191,13.9399995803833
AYTU,-3.0799994468688965,10.399999618530273,7.320000171661377
BANF,-3.0999984741210938,62.43000030517578,59.33000183105469
BANR,-10.680000305175781,56.75,46.06999969482422
BANX,-2.8500003814697266,22.450000762939453,19.600000381469727
BATRA,-1.6599998474121094,29.56999969482422,27.90999984741211
BATRK,-2.25,29.469999313354492,27.219999313354492
BBGI,-1.0900001525878906,3.140000104904175,2.049999952316284
BBI,-0.3500000238418579,1.4500000476837158,1.100000023841858
BBSI,-26.089996337890625,90.63999938964844,64.55000305175781
BCBP,-1.8799991607666016,13.729999542236328,11.850000381469727
BCEL,-0.4250001907348633,14.239999771118164,13.8149995803833
BCML,-8.079999923706055,22.600000381469727,14.520000457763672
BCOR,-8.520000457763672,26.0,17.479999542236328
BCOW,-1.4799995422363281,10.819999694824219,9.34000015258789
BDGE,-9.060001373291016,33.4900016784668,24.43000030517578
BDSI,-2.2100000381469727,6.170000076293945,3.9600000381469727
BDTX,-13.299999237060547,37.5,24.200000762939453
BELFA,-2.0400009155273438,16.200000762939453,14.15999984741211
BELFB,-4.859999656677246,20.299999237060547,15.4399995803833
BFC,-2.9599990844726562,69.83000183105469,66.87000274658203
BFIN,-4.3899993896484375,13.149999618530273,8.760000228881836
BFRA,-2.5300002098083496,10.34000015258789,7.809999942779541
BFST,-4.619998931884766,24.969999313354492,20.350000381469727
BGCP,-2.319999933242798,5.909999847412109,3.5899999141693115
BHAT,-0.9899998903274536,2.0899999141693115,1.100000023841858
BHF,-3.1399993896484375,39.220001220703125,36.08000183105469
BHFAL,-0.7700004577636719,27.479999542236328,26.709999084472656
BHFAP,-0.6399993896484375,27.920000076293945,27.280000686645508
BHTG,-0.15999996662139893,1.7999999523162842,1.6399999856948853
BIIB,-15.779998779296875,294.239990234375,278.4599914550781
BIMI,-1.4800000190734863,3.430000066757202,1.9500000476837158
BIS,-34.14999961853027,54.279998779296875,20.1299991607666
BKCC,-1.809999704360962,4.96999979019165,3.1600000858306885
BKNG,-84.1201171875,2074.580078125,1990.4599609375
BKSC,-2.6599998474121094,18.920000076293945,16.260000228881836
BKYI,-0.19999980926513672,4.079999923706055,3.880000114440918
BLBD,-2.220001220703125,23.030000686645508,20.809999465942383
BLCM,-10.87000036239624,15.100000381469727,4.230000019073486
BLCT,-13.450000762939453,23.43000030517578,9.979999542236328
BLKB,-14.159996032714844,80.88999938964844,66.7300033569336
BLMN,-0.5900001525878906,22.100000381469727,21.510000228881836
BLU,-4.170000076293945,7.75,3.5799999237060547
BLUE,-40.630001068115234,86.37000274658203,45.7400016784668
BMLP,-6.950000762939453,44.47999954223633,37.529998779296875
BMRC,-6.899997711181641,44.849998474121094,37.95000076293945
BMRN,-1.0400009155273438,84.04000091552734,83.0
BMTC,-9.020000457763672,40.86000061035156,31.84000015258789
BNFT,-8.359999656677246,20.989999771118164,12.630000114440918
BNTC,-2.8350000381469727,6.974999904632568,4.139999866485596
BOCH,-1.6299991607666016,11.649999618530273,10.020000457763672
BOKF,-11.620002746582031,87.41000366210938,75.79000091552734
BOKFL,-0.6900005340576172,26.149999618530273,25.459999084472656
BOTJ,-2.34999942779541,15.699999809265137,13.350000381469727
BPOPM,-1.3799991607666016,26.899999618530273,25.520000457763672
BPOPN,-0.8099994659423828,26.65999984741211,25.850000381469727
BPRN,-8.110000610351562,31.239999771118164,23.1299991607666
BPTH,-3.940000057220459,8.260000228881836,4.320000171661377
BPY,-0.9799995422363281,18.059999465942383,17.079999923706055
BPYPN,-2.1300010681152344,25.350000381469727,23.219999313354492
BPYPO,-2.0510005950927734,26.25,24.198999404907227
BPYPP,-1.3499984741210938,26.049999237060547,24.700000762939453
BPYU,-0.6800003051757812,18.149999618530273,17.469999313354492
BPYUP,-0.4200000762939453,25.239999771118164,24.81999969482422
BRID,-8.310001373291016,24.8700008392334,16.559999465942383
BRKL,-3.690000534057617,16.43000030517578,12.739999771118164
BRQS,-0.3700000047683716,1.7999999523162842,1.4299999475479126
BRY,-5.060000419616699,9.140000343322754,4.079999923706055
BSAE,-0.35000038146972656,25.579999923706055,25.229999542236328
BSBE,-0.09000015258789062,26.040000915527344,25.950000762939453
BSBK,-2.5299997329711914,11.59000015258789,9.0600004196167
BSCE,-0.020000457763671875,26.40999984741211,26.389999389648438
BSCK,-0.10000038146972656,21.290000915527344,21.190000534057617
BSCL,-0.06999969482421875,21.260000228881836,21.190000534057617
BSDE,-0.3600006103515625,26.65999984741211,26.299999237060547
BSGM,-1.570000171661377,6.059999942779541,4.489999771118164
BSJK,-0.5799999237060547,23.940000534057617,23.360000610351562
BSJL,-1.6100006103515625,24.690000534057617,23.079999923706055
BSJM,-1.2099990844726562,24.469999313354492,23.260000228881836
BSJN,-0.8700008392333984,26.170000076293945,25.299999237060547
BSJO,-0.5579986572265625,25.417999267578125,24.860000610351562
BSJP,-0.4500007629394531,24.850000381469727,24.399999618530273
BSJQ,-0.6800003051757812,26.229999542236328,25.549999237060547
BSJR,-0.061000823974609375,25.4950008392334,25.43400001525879
BSRR,-7.719999313354492,29.209999084472656,21.489999771118164
BSVN,-3.5299997329711914,18.920000076293945,15.390000343322754
BUSE,-6.329999923706055,27.450000762939453,21.1200008392334
BVXV,-5.285000324249268,10.095000267028809,4.809999942779541
BWAY,-1.9689998626708984,9.958999633789062,7.989999771118164
BWFG,-9.75,29.020000457763672,19.270000457763672
BXRX,-5.210000157356262,6.53000020980835,1.3200000524520874
BYSI,-3.020000457763672,15.5,12.479999542236328
CABA,-1.1499996185302734,13.899999618530273,12.75
CAC,-8.290000915527344,46.04999923706055,37.7599983215332
CACC,-72.27999877929688,442.7699890136719,370.489990234375
CALA,-2.309999942779541,5.230000019073486,2.9200000762939453
CALB,-7.369999885559082,20.149999618530273,12.779999732971191
CALM,-3.8500022888183594,42.02000045776367,38.16999816894531
CAN,-1.1399998664855957,6.019999980926514,4.880000114440918
CARE,-12.069998741149902,22.209999084472656,10.140000343322754
CARG,-5.789999008178711,36.5099983215332,30.719999313354492
CASS,-16.169998168945312,57.279998779296875,41.11000061035156
CATB,-2.430000066757202,6.070000171661377,3.640000104904175
CATC,-5.120002746582031,78.51000213623047,73.38999938964844
CATM,-5.069999694824219,43.86000061035156,38.790000915527344
CATY,-3.5199966430664062,38.099998474121094,34.58000183105469
CBAN,-1.9499998092651367,15.789999961853027,13.84000015258789
CBFV,-11.829999923706055,30.549999237060547,18.719999313354492
CBIO,-0.690000057220459,6.5,5.809999942779541
CBMB,-0.21000003814697266,14.15999984741211,13.949999809265137
CBNK,-0.039999961853027344,14.84000015258789,14.800000190734863
CBRL,-16.3699951171875,154.5800018310547,138.2100067138672
CBTX,-5.510000228881836,31.270000457763672,25.760000228881836
CCAP,-0.2999992370605469,16.399999618530273,16.100000381469727
CCBG,-7.280000686645508,30.18000030517578,22.899999618530273
CCLP,-1.4900000095367432,2.700000047683716,1.2100000381469727
CCNE,-11.829998016357422,32.66999816894531,20.84000015258789
CCOI,-7.479999542236328,65.5,58.02000045776367
CCRC,-5.800000190734863,9.920000076293945,4.119999885559082
CCRN,-2.0099992752075195,11.149999618530273,9.140000343322754
CDEV,-1.9900000095367432,4.690000057220459,2.700000047683716
CDK,-3.740001678466797,55.40999984741211,51.66999816894531
CDL,-3.2199974060058594,50.5099983215332,47.290000915527344
CDTX,-0.820000171661377,3.4100000858306885,2.5899999141693115
CDW,-5.720001220703125,143.8800048828125,138.16000366210938
CECE,-0.48000001907348633,7.679999828338623,7.199999809265137
CEFA,-0.01399993896484375,29.784000396728516,29.770000457763672
CERC,-1.880000114440918,5.03000020980835,3.1500000953674316
CEY,-2.1469993591308594,24.58099937438965,22.43400001525879
CEZ,-0.23200035095214844,26.915000915527344,26.683000564575195
CFB,-2.7100000381469727,14.359999656677246,11.649999618530273
CFBI,-1.609999656677246,11.6899995803833,10.079999923706055
CFFI,-15.0,54.2599983215332,39.2599983215332
CFFN,-1.1899995803833008,13.619999885559082,12.430000305175781
CFMS,-0.4700000286102295,1.4700000286102295,1.0
CFRX,-0.8299999237060547,5.840000152587891,5.010000228881836
CGBD,-2.619999885559082,13.529999732971191,10.90999984741211
CGIX,-1.7900002002716064,5.53000020980835,3.740000009536743
CHEF,-11.09000015258789,38.13999938964844,27.049999237060547
CHEK,-0.18000006675720215,1.7300000190734863,1.5499999523162842
CHFS,-18.220001220703125,26.700000762939453,8.479999542236328
CHMA,-0.8500001430511475,4.820000171661377,3.9700000286102295
CHMG,-8.0,42.06999969482422,34.06999969482422
CHNR,-0.20000004768371582,1.9700000286102295,1.7699999809265137
CHRS,-0.7199993133544922,18.31999969482422,17.600000381469727
CHSCN,-0.02500152587890625,27.6200008392334,27.594999313354492
CID,-4.393999099731445,34.29999923706055,29.9060001373291
CIH,-1.3399999141693115,3.4800000190734863,2.140000104904175
CINF,-18.54999542236328,105.95999908447266,87.41000366210938
CIZ,-2.1690006256103516,33.65700149536133,31.488000869750977
CIZN,-2.1000003814697266,22.450000762939453,20.350000381469727
CJJD,-0.7300000190734863,1.8300000429153442,1.100000023841858
CLBK,-1.460000991821289,16.940000534057617,15.479999542236328
CLBS,-0.440000057220459,2.5199999809265137,2.0799999237060547
CLDB,-3.979999542236328,21.600000381469727,17.6200008392334
CLEU,-1.2100000381469727,4.900000095367432,3.690000057220459
CLPS,-1.0,4.5,3.5
CLRB,-0.5,2.490000009536743,1.9900000095367432
CLSN,-0.2799999713897705,1.7300000190734863,1.4500000476837158
CLVS,-1.7899999618530273,10.25,8.460000038146973
CMCT,-0.5500001907348633,14.380000114440918,13.829999923706055
CMCTP,-2.940000534057617,26.350000381469727,23.40999984741211
CME,-14.410003662109375,201.85000610351562,187.44000244140625
CMLS,-8.350000381469727,16.950000762939453,8.600000381469727
CMPR,-33.659996032714844,125.70999908447266,92.05000305175781
CMTL,-13.710000991821289,35.93000030517578,22.219999313354492
CNBKA,-9.199996948242188,91.36000061035156,82.16000366210938
CNCE,-1.6949996948242188,9.199999809265137,7.505000114440918
CNDT,-1.0500001907348633,6.050000190734863,5.0
CNFR,-0.869999885559082,4.039999961853027,3.1700000762939453
CNOB,-4.129999160766602,25.959999084472656,21.829999923706055
CNSP,-2.1100001335144043,3.9100000858306885,1.7999999523162842
CNST,-13.690000534057617,45.560001373291016,31.8700008392334
CNTY,-0.9000000953674316,7.940000057220459,7.039999961853027
CNXN,-1.0,49.81999969482422,48.81999969482422
CODA,-1.5749998092651367,8.529999732971191,6.954999923706055
COFS,-6.519998550415039,31.549999237060547,25.030000686645508
COKE,-13.579986572265625,282.3999938964844,268.82000732421875
COLB,-0.9300003051757812,40.650001525878906,39.720001220703125
COLM,-9.959999084472656,100.91999816894531,90.95999908447266
COMT,-5.180002212524414,33.08000183105469,27.899999618530273
COWNL,-0.3100013732910156,27.3700008392334,27.059999465942383
COWNZ,-0.4799995422363281,25.850000381469727,25.3700008392334
CPAAU,-1.140000343322754,11.050000190734863,9.90999984741211
CPIX,-2.059999942779541,5.289999961853027,3.2300000190734863
CPLP,-4.350000381469727,13.5,9.149999618530273
CPTA,-36.829999923706055,51.84000015258789,15.010000228881836
CPTAL,-0.36699867248535156,24.966999053955078,24.600000381469727
CPZ,-1.8269996643066406,19.69700050354004,17.8700008392334
CRBP,-3.1700000762939453,5.400000095367432,2.2300000190734863
CRESY,-1.619999885559082,6.809999942779541,5.190000057220459
CRNX,-11.329999923706055,25.399999618530273,14.069999694824219
CRTX,-16.59000015258789,53.25,36.65999984741211
CRVS,-1.1399998664855957,4.989999771118164,3.8499999046325684
CSCO,-3.0199966430664062,48.41999816894531,45.400001525878906
CSGS,-8.479999542236328,52.310001373291016,43.83000183105469
CSII,-5.0,48.560001373291016,43.560001373291016
CSOD,-16.35000228881836,58.95000076293945,42.599998474121094
CSPI,-3.020000457763672,13.420000076293945,10.399999618530273
CSSEP,-0.033000946044921875,25.683000564575195,25.649999618530273
CSTE,-2.3999996185302734,15.239999771118164,12.84000015258789
CSTR,-1.8199996948242188,16.639999389648438,14.819999694824219
CSWC,-2.460000991821289,20.860000610351562,18.399999618530273
CSWCL,-0.9969997406005859,26.14699935913086,25.149999618530273
CTBI,-9.680000305175781,46.59000015258789,36.90999984741211
CTMX,-1.0250000953674316,8.595000267028809,7.570000171661377
CTRM,-1.1940000653266907,1.9040000438690186,0.7099999785423279
CUBA,-1.4100003242492676,6.78000020980835,5.369999885559082
CUE,-1.8499994277954102,16.309999465942383,14.460000038146973
CUTR,-12.310001373291016,36.470001220703125,24.15999984741211
CVBF,-1.760000228881836,21.520000457763672,19.760000228881836
CVCO,-2.600006103515625,196.60000610351562,194.0
CVCY,-3.5,21.520000457763672,18.020000457763672
CVGW,-10.129997253417969,87.20999908447266,77.08000183105469
CVLY,-7.600000381469727,23.0,15.399999618530273
CWBC,-2.510000228881836,11.420000076293945,8.90999984741211
CWCO,-3.5699996948242188,16.06999969482422,12.5
CXDC,-0.7200000286102295,1.8200000524520874,1.100000023841858
CYAD,-3.239999771118164,11.25,8.010000228881836
CYCC,-6.049999713897705,13.399999618530273,7.349999904632568
CYRN,-0.23000001907348633,1.2799999713897705,1.0499999523162842
CZNC,-8.790000915527344,28.200000762939453,19.40999984741211
CZWI,-1.1700000762939453,12.220000267028809,11.050000190734863
DAKT,-1.080000400543213,6.070000171661377,4.989999771118164
DBVT,-5.510000228881836,11.020000457763672,5.510000228881836
DCPH,-11.989997863769531,57.849998474121094,45.86000061035156
DCTH,-3.0900001525878906,20.0,16.90999984741211
DDIV,-1.4909992218017578,26.520999908447266,25.030000686645508
DENN,-4.039999961853027,19.989999771118164,15.949999809265137
DFNL,-2.104999542236328,25.71500015258789,23.610000610351562
DGICA,-1.1500005722045898,14.850000381469727,13.699999809265137
DGICB,-0.13000011444091797,12.069999694824219,11.9399995803833
DHC,-3.940000057220459,8.25,4.309999942779541
DHCNI,-1.3200016021728516,24.950000762939453,23.6299991607666
DISH,-6.290000915527344,35.7400016784668,29.450000762939453
DMLP,-7.09999942779541,19.649999618530273,12.550000190734863
DRRX,-0.5199999809265137,2.619999885559082,2.0999999046325684
DRTT,-1.0199999809265137,3.3499999046325684,2.3299999237060547
DTIL,-0.5200004577636719,13.140000343322754,12.619999885559082
DUO,-8.389999389648438,16.399999618530273,8.010000228881836
DUOT,-2.0199599266052246,6.859960079193115,4.840000152587891
DVLU,-0.9899997711181641,19.75,18.760000228881836
DVY,-7.519996643066406,105.33999633789062,97.81999969482422
DWPP,-4.943998336791992,33.54999923706055,28.606000900268555
DWSH,-12.35999870300293,22.959999084472656,10.600000381469727
DXGE,-0.83599853515625,32.58599853515625,31.75
DXJS,-2.75,43.09000015258789,40.34000015258789
DXLG,-0.5899999737739563,1.2899999618530273,0.699999988079071
DXPE,-15.200000762939453,39.810001373291016,24.610000610351562
EAST,-1.6499998569488525,3.0999999046325684,1.4500000476837158
EBAYL,-1.8600006103515625,27.0,25.139999389648438
EBMT,-0.5799999237060547,21.700000762939453,21.1200008392334
EBSB,-4.7699995040893555,19.90999984741211,15.140000343322754
EBTC,-6.690000534057617,33.36000061035156,26.670000076293945
ECOL,-23.09000015258789,57.040000915527344,33.95000076293945
ECOW,-2.0179996490478516,26.0,23.98200035095215
ECPG,-5.309999465942383,35.939998626708984,30.6299991607666
EDTK,-1.4600000381469727,4.75,3.2899999618530273
EEFT,-31.10999298095703,158.64999389648438,127.54000091552734
EFAS,-1.946000099182129,16.440000534057617,14.494000434875488
EFSC,-12.59000015258789,48.11000061035156,35.52000045776367
EGBN,-5.5500030517578125,48.58000183105469,43.029998779296875
EGLE,-11.739999771118164,31.56999969482422,19.829999923706055
EGRX,-11.539997100830078,60.029998779296875,48.4900016784668
EHTH,-48.590003967285156,97.91000366210938,49.31999969482422
EIGR,-4.420000076293945,14.550000190734863,10.130000114440918
ELOX,-3.570000171661377,7.150000095367432,3.5799999237060547
EMB,-0.649993896484375,114.69999694824219,114.05000305175781
EMCF,-6.819999694824219,33.5,26.68000030517578
EMIF,-8.10999870300293,31.889999389648438,23.780000686645508
EML,-6.289999008178711,29.889999389648438,23.600000381469727
ENOB,-1.690000057220459,5.210000038146973,3.5199999809265137
ENTA,-11.930000305175781,62.0,50.06999969482422
ENTX,-0.7580000162124634,2.1579999923706055,1.399999976158142
EOLS,-5.599999904632568,12.039999961853027,6.440000057220459
EPAY,-4.790000915527344,54.0,49.209999084472656
EPZM,-13.869999885559082,24.899999618530273,11.029999732971191
EQBK,-7.259998321533203,30.1299991607666,22.8700008392334
EQRR,-4.603000640869141,43.560001373291016,38.957000732421875
ESBK,-3.320000648498535,15.800000190734863,12.479999542236328
ESGR,-5.4900054931640625,208.7100067138672,203.22000122070312
ESGRO,-0.3299999237060547,27.530000686645508,27.200000762939453
ESLT,-21.05999755859375,158.17999267578125,137.1199951171875
ESPR,-28.15999984741211,61.34000015258789,33.18000030517578
ESQ,-4.19999885559082,25.959999084472656,21.760000228881836
ESSA,-2.940000534057617,17.100000381469727,14.15999984741211
ESXB,-1.5799994468688965,8.899999618530273,7.320000171661377
ETNB,-3.739999771118164,25.100000381469727,21.360000610351562
ETTX,-1.809999942779541,4.960000038146973,3.1500000953674316
EUFN,-2.75,19.799999237060547,17.049999237060547
EVFM,-2.9200000762939453,5.880000114440918,2.9600000381469727
EVGBC,-0.1199951171875,100.05999755859375,99.94000244140625
EVLMC,-0.0800018310546875,100.04000091552734,99.95999908447266
EVOP,-2.8199996948242188,26.649999618530273,23.829999923706055
EVSTC,-0.0399932861328125,100.0199966430664,99.9800033569336
EWZS,-5.59999942779541,21.479999542236328,15.880000114440918
EXC,-3.3499984741210938,45.43000030517578,42.08000183105469
EXFO,-1.3000001907348633,4.880000114440918,3.5799999237060547
EYEG,-3.260000228881836,9.720000267028809,6.460000038146973
EYES,-3.7659997940063477,5.895999908447266,2.130000114440918
EYPT,-3.820000648498535,15.300000190734863,11.479999542236328
EZPW,-1.950000286102295,6.590000152587891,4.639999866485596
FANG,-34.67000198364258,92.6500015258789,57.97999954223633
FANH,-10.550000190734863,26.079999923706055,15.529999732971191
FARM,-9.199999809265137,14.619999885559082,5.420000076293945
FATBP,-1.2000007629394531,18.5,17.299999237060547
FBIZ,-6.5,26.40999984741211,19.90999984741211
FBMS,-4.590000152587891,35.13999938964844,30.549999237060547
FBNC,-5.8899993896484375,39.86000061035156,33.970001220703125
FBSS,-3.469999313354492,22.0,18.530000686645508
FBZ,-5.420001029968262,17.610000610351562,12.1899995803833
FCAN,-4.270000457763672,24.950000762939453,20.68000030517578
FCAP,-19.099998474121094,69.69999694824219,50.599998474121094
FCBC,-9.100000381469727,30.950000762939453,21.850000381469727
FCBP,-8.220001220703125,27.200000762939453,18.979999542236328
FCCO,-3.710000991821289,21.59000015258789,17.8799991607666
FCCY,-6.529998779296875,22.459999084472656,15.930000305175781
FCEF,-0.1900005340576172,23.06999969482422,22.8799991607666
FCFS,-24.099998474121094,81.7699966430664,57.66999816894531
FCRD,-3.0199999809265137,6.349999904632568,3.3299999237060547
FDBC,-14.360000610351562,63.02000045776367,48.65999984741211
FDIV,-3.44000244140625,51.33000183105469,47.88999938964844
FDUS,-1.890000343322754,14.789999961853027,12.899999618530273
FDUSG,-0.07999992370605469,25.75,25.670000076293945
FDUSZ,-0.6200008392333984,26.1200008392334,25.5
FEM,-1.1100006103515625,26.950000762939453,25.84000015258789
FEMB,-2.201000213623047,39.33100128173828,37.130001068115234
FFBC,-6.040000915527344,25.520000457763672,19.479999542236328
FFIC,-3.219999313354492,21.469999313354492,18.25
FFNW,-2.619999885559082,14.9399995803833,12.319999694824219
FGBI,-5.969999313354492,22.170000076293945,16.200000762939453
FHB,-4.899999618530273,28.729999542236328,23.829999923706055
FHK,-0.9899978637695312,35.88999938964844,34.900001525878906
FIBK,-2.2399978637695312,41.72999954223633,39.4900016784668
FID,-1.8600006103515625,18.360000610351562,16.5
FISI,-8.270000457763672,32.290000915527344,24.020000457763672
FISV,-9.019996643066406,115.5199966430664,106.5
FITB,-1.5300006866455078,31.020000457763672,29.489999771118164
FITBI,-0.8400001525878906,29.049999237060547,28.209999084472656
FITBP,-0.9800014495849609,27.690000534057617,26.709999084472656
FIXX,-8.080000877380371,20.530000686645508,12.449999809265137
FKO,-0.5900001525878906,20.809999465942383,20.219999313354492
FKU,-3.3400001525878906,41.2599983215332,37.91999816894531
FLIC,-7.760000228881836,24.809999465942383,17.049999237060547
FLMN,-3.619999885559082,6.949999809265137,3.3299999237060547
FLN,-5.089998245239258,23.1299991607666,18.040000915527344
FLXN,-7.580000877380371,20.530000686645508,12.949999809265137
FMAO,-6.969999313354492,30.31999969482422,23.350000381469727
FMBH,-1.1300010681152344,34.970001220703125,33.84000015258789
FMBI,-5.94999885559082,22.959999084472656,17.010000228881836
FMK,-11.66939926147461,38.56999969482422,26.90060043334961
FMNB,-2.6999998092651367,16.260000228881836,13.5600004196167
FNCB,-1.9600000381469727,8.460000038146973,6.5
FNHC,-11.209999084472656,16.459999084472656,5.25
FNKO,-4.670000076293945,17.56999969482422,12.899999618530273
FNLC,-6.120000839233398,30.34000015258789,24.219999313354492
FNWB,-2.9800004959106445,17.68000030517578,14.699999809265137
FONR,-2.1000003814697266,20.190000534057617,18.09000015258789
FORR,-1.2800025939941406,42.400001525878906,41.119998931884766
FOX,-5.809999465942383,36.459999084472656,30.649999618530273
FOXA,-5.190000534057617,37.06999969482422,31.8799991607666
FRAF,-11.850000381469727,38.70000076293945,26.850000381469727
FRAN,-9.670000076293945,10.170000076293945,0.5
FRBA,-1.9099998474121094,10.979999542236328,9.069999694824219
FRBK,-1.0899999141693115,4.099999904632568,3.009999990463257
FRLN,-0.5300006866455078,18.0,17.469999313354492
FRME,-2.700000762939453,41.29999923706055,38.599998474121094
FRPH,-6.810001373291016,50.970001220703125,44.15999984741211
FSBW,-7.380001068115234,62.77000045776367,55.38999938964844
FSEA,-0.6579999923706055,9.498000144958496,8.84000015258789
FSFG,-6.029998779296875,66.5999984741211,60.56999969482422
FSTR,-4.149999618530273,19.299999237060547,15.149999618530273
FTA,-0.6100006103515625,56.75,56.13999938964844
FTHI,-2.3800010681152344,22.850000381469727,20.469999313354492
FTLB,-1.8999996185302734,22.40999984741211,20.510000228881836
FTRI,-0.5600004196166992,12.630000114440918,12.069999694824219
FTSL,-0.0800018310546875,47.9900016784668,47.90999984741211
FTSM,-0.06999969482421875,60.09000015258789,60.02000045776367
FTXN,-3.5550003051757812,16.59000015258789,13.03499984741211
FTXO,-2.789999008178711,28.329999923706055,25.540000915527344
FULC,-4.880000114440918,15.859999656677246,10.979999542236328
FULT,-3.90000057220459,17.540000915527344,13.640000343322754
FUNC,-8.659998893737793,24.3799991607666,15.720000267028809
FUSB,-3.359999656677246,11.979999542236328,8.619999885559082
FUSN,-5.520000457763672,17.0,11.479999542236328
FVCB,-1.0,17.350000381469727,16.350000381469727
FWONA,-6.020000457763672,44.02000045776367,38.0
FWONK,-3.8100013732910156,46.18000030517578,42.369998931884766
FXNC,-3.3799991607666016,21.399999618530273,18.020000457763672
GABC,-1.3899993896484375,35.5,34.11000061035156
GAIN,-2.869999885559082,13.199999809265137,10.329999923706055
GAINL,-0.8299999237060547,26.200000762939453,25.3700008392334
GAINM,-0.030000686645507812,25.600000381469727,25.56999969482422
GALT,-0.7699999809265137,2.8499999046325684,2.0799999237060547
GASS,-0.7799999713897705,3.4600000381469727,2.680000066757202
GBDC,-3.472576141357422,17.972576141357422,14.5
GBLI,-2.239999771118164,29.809999465942383,27.56999969482422
GBT,-29.079998016357422,78.56999969482422,49.4900016784668
GCBC,-4.590000152587891,29.290000915527344,24.700000762939453
GDEN,-1.6599998474121094,18.989999771118164,17.329999923706055
GEC,-0.7400000095367432,3.549999952316284,2.809999942779541
GECC,-4.471463441848755,7.541463375091553,3.069999933242798
GECCN,-0.4499988555908203,25.049999237060547,24.600000381469727
GEOS,-8.0,16.670000076293945,8.670000076293945
GFED,-7.239999771118164,25.010000228881836,17.770000457763672
GFN,-3.7900004386901855,11.100000381469727,7.309999942779541
GFNCP,-4.1100006103515625,105.11000061035156,101.0
GGAL,-8.549999713897705,16.40999984741211,7.860000133514404
GIFI,-1.5099999904632568,5.150000095367432,3.640000104904175
GIII,-7.229999542236328,33.619998931884766,26.389999389648438
GILD,-0.1300048828125,65.2300033569336,65.0999984741211
GLAD,-0.8500003814697266,10.020000457763672,9.170000076293945
GLADD,-0.8400001525878906,26.1200008392334,25.280000686645508
GLADL,-0.2980003356933594,25.79800033569336,25.5
GLBS,-94.57000017166138,100.0,5.429999828338623
GLBZ,-0.5,11.5,11.0
GLMD,-1.820000171661377,5.800000190734863,3.9800000190734863
GLNG,-3.689999580383301,14.65999984741211,10.970000267028809
GLPG,-107.97999572753906,212.08999633789062,104.11000061035156
GLPI,-0.8800010681152344,42.72999954223633,41.849998474121094
GLRE,-2.3999996185302734,9.949999809265137,7.550000190734863
GLYC,-1.5399997234344482,5.179999828338623,3.640000104904175
GMLP,-5.299999713897705,8.739999771118164,3.440000057220459
GMLPP,-0.6650009155273438,25.735000610351562,25.06999969482422
GNFT,-15.5,20.65999984741211,5.159999847412109
GOCO,-6.079998970031738,19.459999084472656,13.380000114440918
GOGL,-0.7200002670288086,5.590000152587891,4.869999885559082
GOOD,-3.4300003051757812,21.270000457763672,17.84000015258789
GOODM,-0.5100002288818359,25.739999771118164,25.229999542236328
GOODN,-0.6180000305175781,26.357999801635742,25.739999771118164
GOSS,-5.289999961853027,15.399999618530273,10.109999656677246
GPP,-4.119999885559082,14.0,9.880000114440918
GRFS,-6.100000381469727,23.600000381469727,17.5
GRIL,-1.7299997806549072,3.859999895095825,2.130000114440918
GRIN,-1.75600004196167,6.806000232696533,5.050000190734863
GRPN,-11.230003356933594,47.400001525878906,36.16999816894531
GRTX,-2.4600000381469727,13.880000114440918,11.420000076293945
GSBC,-13.610000610351562,63.20000076293945,49.59000015258789
GSKY,-3.7699999809265137,8.829999923706055,5.059999942779541
GSMG,-6.869999647140503,10.229999542236328,3.359999895095825
GT,-4.4800004959106445,15.380000114440918,10.899999618530273
GVP,-0.1499999761581421,1.840000033378601,1.690000057220459
GWGH,-2.8000001907348633,9.850000381469727,7.050000190734863
GYRO,-2.1000003814697266,18.850000381469727,16.75
HA,-9.439998626708984,29.229999542236328,19.790000915527344
HAFC,-5.949999809265137,20.149999618530273,14.199999809265137
HALL,-14.389999866485596,18.329999923706055,3.940000057220459
HAPP,-2.569999933242798,4.599999904632568,2.0299999713897705
HAS,-10.970001220703125,105.33000183105469,94.36000061035156
HAYN,-11.260002136230469,34.4900016784668,23.229999542236328
HBAN,-1.7699995040893555,14.989999771118164,13.220000267028809
HBANN,-0.4200000762939453,26.239999771118164,25.81999969482422
HBANO,-0.8500003814697266,26.190000534057617,25.34000015258789
HBCP,-8.589998245239258,39.2599983215332,30.670000076293945
HBMD,-5.15000057220459,16.950000762939453,11.800000190734863
HBNC,-1.9900016784667969,18.790000915527344,16.799999237060547
HBT,-4.089999198913574,19.149999618530273,15.0600004196167
HCAP,-0.940000057220459,8.760000228881836,7.820000171661377
HCCI,-9.439998626708984,31.209999084472656,21.770000457763672
HCDI,-4.380000114440918,7.5,3.119999885559082
HCKT,-2.0699996948242188,16.059999465942383,13.989999771118164
HEES,-4.679998397827148,33.029998779296875,28.350000381469727
HEPA,-3.4699997901916504,5.599999904632568,2.130000114440918
HFBL,-6.450000762939453,35.540000915527344,29.09000015258789
HFFG,-11.739999771118164,19.5,7.760000228881836
HFWA,-4.409999847412109,28.309999465942383,23.899999618530273
HJLI,-4.840000152587891,13.75,8.90999984741211
HLG,-6.1100006103515625,65.70999908447266,59.599998474121094
HMHC,-1.0,6.175000190734863,5.175000190734863
HMNF,-2.5500011444091797,21.260000228881836,18.709999084472656
HMTV,-4.270000457763672,14.770000457763672,10.5
HNNA,-1.919999122619629,10.4399995803833,8.520000457763672
HNRG,-1.53000009059906,2.930000066757202,1.399999976158142
HOFV,-8.149999618530273,10.529999732971191,2.380000114440918
HOLI,-2.6499996185302734,16.899999618530273,14.25
HONE,-0.11499977111816406,10.984999656677246,10.869999885559082
HOOK,-0.8399991989135742,12.149999618530273,11.3100004196167
HOPE,-3.359999656677246,14.859999656677246,11.5
HOTH,-4.460000038146973,6.590000152587891,2.130000114440918
HRMY,-0.9699974060058594,37.0099983215332,36.040000915527344
HRTX,-4.8600006103515625,23.18000030517578,18.31999969482422
HSDT,-17.494999885559082,30.69499969482422,13.199999809265137
HSII,-2.8999996185302734,32.79999923706055,29.899999618530273
HSTM,-2.9300003051757812,27.040000915527344,24.110000610351562
HSTO,-2.720000147819519,3.9000000953674316,1.1799999475479126
HTBI,-5.690000534057617,26.780000686645508,21.09000015258789
HTBK,-4.1100006103515625,12.800000190734863,8.6899995803833
HTGM,-4.700000286102295,11.34000015258789,6.639999866485596
HTIA,-1.1100006103515625,25.420000076293945,24.309999465942383
HTLD,-1.9400005340576172,20.84000015258789,18.899999618530273
HTLF,-6.319999694824219,49.619998931884766,43.29999923706055
HUGE,-3.568000078201294,5.538000106811523,1.9700000286102295
HUIZ,-3.5399999618530273,10.0,6.460000038146973
HURC,-8.190000534057617,37.790000915527344,29.600000381469727
HURN,-13.430000305175781,68.45999908447266,55.029998779296875
HVBC,-0.1900005340576172,17.0,16.809999465942383
HWBK,-7.020000457763672,25.56999969482422,18.549999237060547
HWC,-9.139999389648438,43.869998931884766,34.72999954223633
HWCC,-0.8499999046325684,4.269999980926514,3.4200000762939453
HWCPL,-0.2999992370605469,25.729999542236328,25.43000030517578
HX,-0.3250000476837158,2.6549999713897705,2.3299999237060547
HYAC,-0.5309991836547852,10.050999641418457,9.520000457763672
HYACU,-0.4499998092651367,10.470000267028809,10.020000457763672
HYLS,-0.13000106811523438,48.88999938964844,48.7599983215332
HYMC,-2.789999485015869,10.359999656677246,7.570000171661377
HYXE,-0.22029876708984375,52.44499969482422,52.224700927734375
HYZD,-1.3100013732910156,23.190000534057617,21.8799991607666
IBCP,-3.520000457763672,22.670000076293945,19.149999618530273
IBOC,-4.709999084472656,43.189998626708984,38.47999954223633
IBTK,-0.3260002136230469,24.540000915527344,24.214000701904297
ICBK,-3.0799999237060547,25.079999923706055,22.0
ICFI,-15.990005493164062,92.7300033569336,76.73999786376953
ICMB,-1.6932177543640137,6.683217525482178,4.989999771118164
ICPT,-81.77999877929688,118.68000030517578,36.900001525878906
IDXG,-0.559999942779541,4.900000095367432,4.340000152587891
IEP,-5.5,62.650001525878906,57.150001525878906
IFGL,-3.3199996948242188,30.25,26.93000030517578
IGF,-4.6699981689453125,47.81999969482422,43.150001525878906
IGIC,-2.5300002098083496,10.5,7.96999979019165
IHRT,-2.674999237060547,16.559999465942383,13.885000228881836
IIIV,-0.010000228881835938,29.309999465942383,29.299999237060547
ILPT,-0.25,22.1200008392334,21.8700008392334
IMRA,-2.1000003814697266,15.0,12.899999618530273
IMTE,-3.3959999084472656,9.355999946594238,5.960000038146973
INBKL,-0.1999988555908203,25.479999542236328,25.280000686645508
INBKZ,-0.6499996185302734,26.399999618530273,25.75
INDB,-6.739997863769531,83.43000030517578,76.69000244140625
INFR,-2.344999313354492,31.739999771118164,29.395000457763672
INGN,-17.6199951171875,67.58999633789062,49.970001220703125
INPX,-13.425000309944153,14.805000305175781,1.3799999952316284
INSE,-0.5399999618530273,6.809999942779541,6.269999980926514
INTC,-4.150001525878906,60.84000015258789,56.689998626708984
INTG,-5.420001983642578,37.45000076293945,32.029998779296875
INVA,-1.6100006103515625,13.930000305175781,12.319999694824219
IONS,-1.9199981689453125,60.88999938964844,58.970001220703125
IOSP,-13.269996643066406,103.63999938964844,90.37000274658203
IPAR,-7.590003967285156,72.51000213623047,64.91999816894531
IPHA,-2.9900002479553223,7.300000190734863,4.309999942779541
IQ,-1.0799999237060547,22.969999313354492,21.889999389648438
IRCP,-6.960000038146973,16.40999984741211,9.449999809265137
IROQ,-3.8999996185302734,23.5,19.600000381469727
IRWD,-2.8400001525878906,13.260000228881836,10.420000076293945
ISBC,-0.4200000762939453,11.920000076293945,11.5
ISEE,-2.3000001907348633,7.880000114440918,5.579999923706055
ISNS,-0.19000005722045898,4.610000133514404,4.420000076293945
ISTR,-7.739999771118164,24.139999389648438,16.399999618530273
ITCI,-0.049999237060546875,33.119998931884766,33.06999969482422
ITIC,-14.970001220703125,158.8300018310547,143.86000061035156
ITRM,-2.81000018119812,4.360000133514404,1.5499999523162842
ITRN,-6.579999923706055,25.260000228881836,18.68000030517578
IUSV,-1.3700027465820312,63.220001220703125,61.849998474121094
IVAC,-0.5,7.28000020980835,6.78000020980835
JAKK,-1.630000114440918,10.199999809265137,8.569999694824219
JAMF,-0.9500007629394531,39.20000076293945,38.25
JBLU,-4.569999694824219,18.889999389648438,14.319999694824219
JBSS,-6.8600006103515625,89.01000213623047,82.1500015258789
JCS,-1.4200000762939453,6.25,4.829999923706055
JFIN,-1.7800002098083496,5.28000020980835,3.5
JFU,-8.259999990463257,9.5,1.2400000095367432
JJSF,-27.92999267578125,181.67999267578125,153.75
JKI,-8.719985961914062,167.7899932861328,159.07000732421875
JMPNL,-1.2420005798339844,25.961999893188477,24.719999313354492
JOBS,-18.599998474121094,85.8499984741211,67.25
JRSH,-0.3299999237060547,5.929999828338623,5.599999904632568
KALU,-22.06999969482422,111.22000122070312,89.1500015258789
KALV,-2.890000343322754,18.079999923706055,15.1899995803833
KBAL,-7.989999771118164,20.65999984741211,12.670000076293945
KBWB,-7.75,58.63999938964844,50.88999938964844
KBWD,-4.990001678466797,21.950000762939453,16.959999084472656
KBWP,-5.75,71.33000183105469,65.58000183105469
KBWR,-3.1200027465820312,54.040000915527344,50.91999816894531
KBWY,-10.030000686645508,30.760000228881836,20.729999542236328
KELYA,-2.3200016021728516,22.450000762939453,20.1299991607666
KELYB,-2.200000762939453,21.780000686645508,19.579999923706055
KEQU,-0.23000049591064453,13.270000457763672,13.039999961853027
KERN,-2.270000457763672,8.470000267028809,6.199999809265137
KFFB,-1.3400001525878906,7.800000190734863,6.460000038146973
KIN,-3.8500003814697266,8.850000381469727,5.0
KINS,-0.9200000762939453,7.940000057220459,7.019999980926514
KLXE,-19.899999618530273,28.649999618530273,8.75
KMDA,-0.19000005722045898,7.0,6.809999942779541
KPTI,-3.3199996948242188,18.719999313354492,15.399999618530273
KRKR,-3.7800002098083496,7.53000020980835,3.75
KRMD,-2.5799999237060547,6.590000152587891,4.010000228881836
KRNY,-3.3700008392333984,13.600000381469727,10.229999542236328
KRUS,-4.710000991821289,27.110000610351562,22.399999618530273
KTOV,-3.7699999809265137,7.800000190734863,4.03000020980835
LAMR,-4.879997253417969,88.44999694824219,83.56999969482422
LANDP,-0.5399990081787109,25.639999389648438,25.100000381469727
LAUR,-4.239999771118164,17.829999923706055,13.59000015258789
LAWS,-2.2800025939941406,52.630001068115234,50.349998474121094
LBAI,-3.909998893737793,17.299999237060547,13.390000343322754
LBC,-1.75,11.619999885559082,9.869999885559082
LCNB,-3.940000534057617,19.030000686645508,15.09000015258789
LDSF,-0.07999992370605469,20.530000686645508,20.450000762939453
LEGH,-2.3400001525878906,16.440000534057617,14.100000381469727
LEGN,-9.790000915527344,37.0,27.209999084472656
LEVL,-4.75,25.309999465942383,20.559999465942383
LFVN,-6.359999656677246,15.420000076293945,9.0600004196167
LGHL,-6.990000486373901,10.0600004196167,3.069999933242798
LIFE,-0.5099999904632568,4.289999961853027,3.7799999713897705
LILA,-8.34101390838623,18.426013946533203,10.085000038146973
LILAK,-8.608738899230957,18.56873893737793,9.960000038146973
LIND,-0.7000007629394531,16.200000762939453,15.5
LIVN,-9.479995727539062,73.91999816894531,64.44000244140625
LIZI,-7.980000019073486,11.630000114440918,3.6500000953674316
LKCO,-0.9790000319480896,1.6100000143051147,0.6309999823570251
LMBS,-0.29000091552734375,51.81999969482422,51.529998779296875
LMNL,-4.010000228881836,8.600000381469727,4.590000152587891
LMNR,-3.520000457763672,19.18000030517578,15.65999984741211
LMRK,-4.6100006103515625,16.290000915527344,11.680000305175781
LMRKN,-0.2199993133544922,26.059999465942383,25.84000015258789
LMRKO,-0.4200000762939453,25.600000381469727,25.18000030517578
LMRKP,-0.4400005340576172,25.760000228881836,25.31999969482422
LMST,-3.5500011444091797,17.540000915527344,13.989999771118164
LNDC,-0.6499996185302734,11.170000076293945,10.520000457763672
LNT,-4.680000305175781,53.630001068115234,48.95000076293945
LNTH,-2.3199996948242188,19.25,16.93000030517578
LOAN,-1.2899999618530273,6.380000114440918,5.090000152587891
LONE,-2.5359999239444733,2.5799999237060547,0.04399999976158142
LOPE,-10.400001525878906,96.36000061035156,85.95999908447266
LORL,-6.680000305175781,32.63999938964844,25.959999084472656
LQDA,-1.6600000858306885,4.400000095367432,2.740000009536743
LRMR,-142.84010314941406,159.84010314941406,17.0
LSBK,-1.9600000381469727,15.25,13.289999961853027
LSXMA,-6.1600494384765625,47.35004806518555,41.189998626708984
LSXMB,-3.6756248474121094,47.84562301635742,44.16999816894531
LSXMK,-6.325634002685547,47.315635681152344,40.9900016784668
LTRPA,-3.0099997520446777,7.369999885559082,4.360000133514404
LVHD,-1.4489974975585938,33.79999923706055,32.35100173950195
LX,-7.0199995040893555,15.199999809265137,8.180000305175781
LYRA,-7.669999122619629,18.559999465942383,10.890000343322754
MAR,-33.74000549316406,151.49000549316406,117.75
MATW,-6.05999755859375,38.29999923706055,32.2400016784668
MAYS,-2.299999237060547,30.75,28.450000762939453
MBCN,-6.079999923706055,26.700000762939453,20.6200008392334
MBINO,-0.3000011444091797,26.43000030517578,26.1299991607666
MBINP,-0.13000106811523438,27.290000915527344,27.15999984741211
MBNKP,-2.1099987030029297,25.399999618530273,23.290000915527344
MBOT,-1.8600006103515625,10.34000015258789,8.479999542236328
MBRX,-0.820000171661377,5.519999980926514,4.699999809265137
MBWM,-8.60999870300293,36.279998779296875,27.670000076293945
MCBC,-2.6700000762939453,11.109999656677246,8.4399995803833
MCBS,-3.1399993896484375,17.639999389648438,14.5
MCEP,-0.07999992370605469,5.599999904632568,5.519999980926514
MCHX,-0.9000000953674316,3.7699999809265137,2.869999885559082
MDCA,-0.009999990463256836,2.8399999141693115,2.8299999237060547
MDIV,-3.6299991607666016,18.799999237060547,15.170000076293945
MDRR,-1.312999963760376,3.5929999351501465,2.2799999713897705
MEOH,-4.209999084472656,37.54999923706055,33.34000015258789
MERC,-0.48999977111816406,12.359999656677246,11.869999885559082
MESA,-2.2100000381469727,8.84000015258789,6.630000114440918
METC,-0.7799999713897705,3.759999990463257,2.9800000190734863
METX,-8.330000400543213,10.270000457763672,1.940000057220459
MFIN,-0.5199999809265137,7.210000038146973,6.690000057220459
MFINL,-0.9689998626708984,26.25,25.2810001373291
MFNC,-4.529999732971191,17.31999969482422,12.789999961853027
MGEE,-13.470001220703125,77.68000030517578,64.20999908447266
MGRC,-4.5,76.58999633789062,72.08999633789062
MGTA,-5.870000839233398,15.020000457763672,9.149999618530273
MGTX,-4.299999237060547,19.719999313354492,15.420000076293945
MGYR,-2.0,12.399999618530273,10.399999618530273
MIND,-0.7299997806549072,2.869999885559082,2.140000104904175
MINDP,-0.9500007629394531,23.940000534057617,22.989999771118164
MIRM,-4.820001602172852,23.790000915527344,18.969999313354492
MIST,-8.320000171661377,15.850000381469727,7.53000020980835
MITO,-1.5399999618530273,3.0999999046325684,1.559999942779541
MKD,-3.2599998712539673,4.369999885559082,1.1100000143051147
MLCO,-9.339999198913574,25.1299991607666,15.789999961853027
MLHR,-5.299999237060547,41.40999984741211,36.11000061035156
MLND,-4.940000057220459,7.070000171661377,2.130000114440918
MLVF,-7.369999885559082,23.15999984741211,15.789999961853027
MMAC,-7.600000381469727,31.420000076293945,23.81999969482422
MMLP,-2.25,4.0,1.75
MNOV,-0.8299999237060547,6.679999828338623,5.849999904632568
MNPR,-9.320000648498535,17.270000457763672,7.949999809265137
MNRO,-17.589996337890625,78.91999816894531,61.33000183105469
MNSB,-5.739999771118164,23.100000381469727,17.360000610351562
MNTX,-0.09000015258789062,5.940000057220459,5.849999904632568
MOFG,-10.320001602172852,35.880001068115234,25.559999465942383
MOHO,-3.8899998664855957,6.179999828338623,2.2899999618530273
MOMO,-20.599998474121094,36.279998779296875,15.680000305175781
MOR,-6.989999771118164,36.02000045776367,29.030000686645508
MOTS,-0.9399999380111694,2.3399999141693115,1.399999976158142
MOXC,-0.40000009536743164,2.1700000762939453,1.7699999809265137
MPB,-6.369998931884766,28.469999313354492,22.100000381469727
MRAM,-0.05000019073486328,5.480000019073486,5.429999828338623
MRCC,-2.5799999237060547,10.979999542236328,8.399999618530273
MRCCL,-0.6499996185302734,25.709999084472656,25.059999465942383
MRCY,-0.3600006103515625,70.98999786376953,70.62999725341797
MREO,-0.3900001049041748,3.2100000381469727,2.819999933242798
MRKR,-0.9499999284744263,2.809999942779541,1.8600000143051147
MRLN,-7.890000343322754,22.010000228881836,14.119999885559082
MSBI,-10.399999618530273,28.899999618530273,18.5
MSON,-5.09999942779541,18.459999084472656,13.359999656677246
MTBCP,-0.26000022888183594,26.75,26.489999771118164
MTC,-0.07999992370605469,2.109999895095825,2.0299999713897705
MTEM,-1.9800004959106445,13.84000015258789,11.859999656677246
MTP,-1.2950000762939453,3.5950000286102295,2.299999952316284
MTRX,-10.100000381469727,22.520000457763672,12.420000076293945
MVBF,-1.5699996948242188,23.989999771118164,22.420000076293945
MYSZ,-1.790000081062317,3.2200000286102295,1.4299999475479126
NAKD,-0.25,1.6699999570846558,1.4199999570846558
NAOV,-1.6899999380111694,2.8499999046325684,1.159999966621399
NATH,-13.110004425048828,71.30000305175781,58.189998626708984
NATI,-0.4200019836425781,42.70000076293945,42.279998779296875
NAVI,-2.3350000381469727,13.654999732971191,11.319999694824219
NBIX,-2.2800064086914062,108.30000305175781,106.0199966430664
NBLX,-15.300000190734863,26.600000381469727,11.300000190734863
NBRV,-10.559999704360962,13.199999809265137,2.640000104904175
NBTB,-7.490001678466797,40.70000076293945,33.209999084472656
NCBS,-4.8899993896484375,73.5199966430664,68.62999725341797
NCMI,-3.070000171661377,7.460000038146973,4.389999866485596
NCNO,-19.729995727539062,91.58999633789062,71.86000061035156
NCSM,-9.897998809814453,41.79999923706055,31.902000427246094
NEOS,-0.659000039100647,1.4500000476837158,0.7910000085830688
NEPH,-1.700000286102295,9.3100004196167,7.610000133514404
NEPT,-0.8600000143051147,2.690000057220459,1.8300000429153442
NERV,-4.249999761581421,7.639999866485596,3.390000104904175
NEWT,-1.510000228881836,22.790000915527344,21.280000686645508
NEWTL,-0.5200004577636719,25.989999771118164,25.469999313354492
NEXT,-3.7400002479553223,6.070000171661377,2.3299999237060547
NFBK,-4.239999771118164,16.81999969482422,12.579999923706055
NGHCO,-0.15999984741210938,25.239999771118164,25.079999923706055
NGHCP,-0.2800006866455078,25.360000610351562,25.079999923706055
NGHCZ,-0.7049999237060547,25.954999923706055,25.25
NKSH,-12.579998016357422,43.599998474121094,31.020000457763672
NKTR,-0.26999855041503906,20.959999084472656,20.690000534057617
NKTX,-10.34000015258789,47.900001525878906,37.560001373291016
NLOK,-4.579999923706055,26.020000457763672,21.440000534057617
NMIH,-10.55000114440918,32.27000045776367,21.719999313354492
NMRK,-5.87000036239624,12.8100004196167,6.940000057220459
NNBR,-2.9800000190734863,9.210000038146973,6.230000019073486
NOVN,-1.8999998569488525,3.109999895095825,1.2100000381469727
NRBO,-1.8899998664855957,7.239999771118164,5.349999904632568
NRC,-19.490001678466797,65.80000305175781,46.310001373291016
NRIM,-4.790000915527344,38.0,33.209999084472656
NSEC,-3.5799999237060547,15.0,11.420000076293945
NSSC,-3.989999771118164,30.56999969482422,26.579999923706055
NTEC,-5.499999523162842,9.859999656677246,4.360000133514404
NTNX,-0.5099983215332031,31.8799991607666,31.3700008392334
NTRS,-17.020004272460938,107.58000183105469,90.55999755859375
NTUS,-7.309999465942383,32.65999984741211,25.350000381469727
NURO,-0.40000009536743164,4.300000190734863,3.9000000953674316
NUVA,-24.509998321533203,77.7699966430664,53.2599983215332
NUZE,-0.25,9.199999809265137,8.949999809265137
NVCN,-2.720000147819519,3.880000114440918,1.159999966621399
NVEC,-6.410003662109375,71.1500015258789,64.73999786376953
NVIV,-5.120000243186951,6.300000190734863,1.1799999475479126
NWBI,-3.4499998092651367,16.489999771118164,13.039999961853027
NWFL,-14.829998016357422,39.029998779296875,24.200000762939453
NWLI,-89.64999389648438,280.6499938964844,191.0
NWPX,-1.9299983978271484,33.16999816894531,31.239999771118164
NXTC,-43.69000053405762,55.68000030517578,11.989999771118164
NYMT,-2.369999885559082,6.21999979019165,3.8499999046325684
NYMTM,-2.1300010681152344,25.260000228881836,23.1299991607666
NYMTN,-2.1399993896484375,25.209999084472656,23.06999969482422
NYMTO,-1.7309989929199219,25.149999618530273,23.41900062561035
NYMTP,-1.460000991821289,25.110000610351562,23.649999618530273
OBNK,-5.670000076293945,37.15999984741211,31.489999771118164
OCCI,-2.5299997329711914,15.399999618530273,12.869999885559082
OCCIP,-0.7299995422363281,25.809999465942383,25.079999923706055
OCFC,-6.719999313354492,25.219999313354492,18.5
OCSI,-0.5400004386901855,8.260000228881836,7.71999979019165
ODT,-9.0,32.18000030517578,23.18000030517578
OFED,-3.0,27.0,24.0
OFIX,-5.670001983642578,46.36000061035156,40.689998626708984
OFS,-3.6100001335144043,11.0,7.389999866485596
OFSSI,-0.20100021362304688,24.850000381469727,24.64900016784668
OFSSZ,-0.3600006103515625,25.43000030517578,25.06999969482422
OGI,-0.5099998712539673,2.3299999237060547,1.8200000524520874
OLB,-9.900000095367432,15.0,5.099999904632568
OLD,-0.33299827575683594,30.341999053955078,30.009000778198242
OMAB,-12.75,60.72999954223633,47.97999954223633
OMP,-2.2400007247924805,16.43000030517578,14.1899995803833
ONB,-1.25,18.329999923706055,17.079999923706055
ONCY,-1.5299999713897705,3.950000047683716,2.4200000762939453
OPBK,-2.6399993896484375,10.229999542236328,7.590000152587891
OPI,-7.319999694824219,31.31999969482422,24.0
OPINI,-0.9600009918212891,26.3700008392334,25.40999984741211
OPNT,-3.6000003814697266,14.420000076293945,10.819999694824219
OPOF,-8.489999771118164,27.5,19.010000228881836
OPRA,-0.630000114440918,9.100000381469727,8.470000267028809
OPRT,-7.409999847412109,23.6299991607666,16.219999313354492
OPTN,-4.380000114440918,8.470000267028809,4.090000152587891
ORLY,-0.97998046875,437.5199890136719,436.5400085449219
ORRF,-4.19999885559082,22.149999618530273,17.950000762939453
ORSNU,-0.2802000045776367,10.280200004577637,10.0
ORTX,-7.599999904632568,13.579999923706055,5.980000019073486
OSBC,-3.229999542236328,13.489999771118164,10.260000228881836
OSIS,-10.069999694824219,102.16999816894531,92.0999984741211
OSMT,-2.7199997901916504,6.980000019073486,4.260000228881836
OSW,-7.0,16.770000457763672,9.770000457763672
OTRKP,-0.4200000762939453,24.899999618530273,24.479999542236328
OTTR,-11.549999237060547,51.689998626708984,40.13999938964844
OVBC,-18.149999618530273,39.77000045776367,21.6200008392334
OVID,-1.2999999523162842,4.099999904632568,2.799999952316284
OVLY,-3.8899993896484375,19.299999237060547,15.40999984741211
OXLC,-1.6399998664855957,8.199999809265137,6.559999942779541
OXLCM,-1.0499992370605469,25.75,24.700000762939453
OXLCO,-0.2199993133544922,25.469999313354492,25.25
OXLCP,-1.269998550415039,24.809999465942383,23.540000915527344
OXSQ,-1.8199996948242188,5.489999771118164,3.6700000762939453
OXSQL,-0.6000003814697266,25.649999618530273,25.049999237060547
OXSQZ,-0.4500007629394531,25.5,25.049999237060547
OYST,-4.270000457763672,23.649999618530273,19.3799991607666
PACW,-7.170001983642578,38.2400016784668,31.06999969482422
PAE,-1.869999885559082,10.359999656677246,8.489999771118164
PAHC,-4.469999313354492,25.299999237060547,20.829999923706055
PAND,-0.14999961853027344,18.100000381469727,17.950000762939453
PANL,-0.019999980926513672,2.930000066757202,2.9100000858306885
PASG,-2.8600006103515625,22.200000762939453,19.34000015258789
PATI,-10.6899995803833,19.489999771118164,8.800000190734863
PAYS,-5.130000114440918,9.869999885559082,4.739999771118164
PBCT,-3.030000686645508,16.760000228881836,13.729999542236328
PBCTP,-0.5100002288818359,28.670000076293945,28.15999984741211
PBFS,-4.729999542236328,15.239999771118164,10.510000228881836
PBHC,-2.560000419616699,14.010000228881836,11.449999809265137
PBIP,-6.600000381469727,18.420000076293945,11.819999694824219
PCB,-5.919999122619629,17.1299991607666,11.210000038146973
PCSB,-5.209999084472656,20.209999084472656,15.0
PCTI,-1.239999771118164,8.899999618530273,7.659999847412109
PCVX,-1.3899993896484375,26.149999618530273,24.760000228881836
PCYO,-1.3199996948242188,12.65999984741211,11.34000015258789
PDBC,-0.5799999237060547,16.639999389648438,16.059999465942383
PDCE,-3.0699996948242188,26.360000610351562,23.290000915527344
PDLB,-5.090000152587891,14.699999809265137,9.609999656677246
PDLI,-0.7400000095367432,3.2100000381469727,2.4700000286102295
PEBK,-11.600000381469727,32.45000076293945,20.850000381469727
PEBO,-3.6599998474121094,34.65999984741211,31.0
PESI,-2.890000343322754,9.350000381469727,6.460000038146973
PEY,-1.3799991607666016,18.920000076293945,17.540000915527344
PFBC,-10.979999542236328,60.11000061035156,49.130001068115234
PFBI,-3.289999008178711,18.049999237060547,14.760000228881836
PFC,-3.6499996185302734,31.719999313354492,28.06999969482422
PFG,-5.599998474121094,55.72999954223633,50.130001068115234
PFHD,-3.7200002670288086,18.850000381469727,15.130000114440918
PFIE,-0.4200000762939453,1.4800000190734863,1.059999942779541
PFIN,-1.1600003242492676,7.090000152587891,5.929999828338623
PFIS,-13.25,50.099998474121094,36.849998474121094
PFLT,-1.1599998474121094,12.239999771118164,11.079999923706055
PGC,-7.14000129699707,30.790000915527344,23.649999618530273
PHAS,-1.8500001430511475,5.710000038146973,3.859999895095825
PHIO,-7.239999771118164,10.449999809265137,3.2100000381469727
PICO,-2.2300004959106445,10.970000267028809,8.739999771118164
PID,-1.580000877380371,17.200000762939453,15.619999885559082
PIH,-1.6500000953674316,5.519999980926514,3.869999885559082
PIHPP,-1.9950008392333984,26.59000015258789,24.594999313354492
PINC,-2.1599998474121094,36.43000030517578,34.27000045776367
PIRS,-0.7100000381469727,3.4200000762939453,2.7100000381469727
PIXY,-4.592999696731567,8.142999649047852,3.549999952316284
PKBK,-5.048181533813477,22.618181228637695,17.56999969482422
PKOH,-4.3899993896484375,33.63999938964844,29.25
PLAB,-3.8999996185302734,15.579999923706055,11.680000305175781
PLAY,-6.430000305175781,40.68000030517578,34.25
PLBC,-1.4200000762939453,26.06999969482422,24.649999618530273
PLIN,-3.0110000371932983,3.950000047683716,0.9390000104904175
PLUS,-1.2699966430664062,85.2699966430664,84.0
PLYA,-2.4300003051757812,7.920000076293945,5.489999771118164
PMBC,-2.070000171661377,7.960000038146973,5.889999866485596
PMD,-2.0300002098083496,9.0,6.96999979019165
PNBK,-2.8999996185302734,12.819999694824219,9.920000076293945
PNNT,-1.3499999046325684,6.599999904632568,5.25
PNNTG,-0.26000022888183594,25.5,25.239999771118164
PNRG,-116.79000473022461,152.85000610351562,36.060001373291016
POAI,-1.349000096321106,2.5290000438690186,1.1799999475479126
POTX,-0.19900035858154297,14.928999900817871,14.729999542236328
POWL,-18.860000610351562,48.400001525878906,29.540000915527344
PPC,-12.5,32.18000030517578,19.68000030517578
PPIH,-3.080000400543213,9.220000267028809,6.139999866485596
PRAA,-3.1800003051757812,37.029998779296875,33.849998474121094
PRDO,-6.310000419616699,18.6200008392334,12.3100004196167
PRFX,-2.2599997520446777,6.739999771118164,4.480000019073486
PRGS,-1.8600006103515625,42.25,40.38999938964844
PROG,-6.119999885559082,13.119999885559082,7.0
PROV,-6.420000076293945,21.899999618530273,15.479999542236328
PRQR,-5.299999713897705,9.899999618530273,4.599999904632568
PRTA,-4.630000114440918,15.630000114440918,11.0
PRVB,-0.2700004577636719,14.510000228881836,14.239999771118164
PSCE,-2.0999999046325684,7.380000114440918,5.28000020980835
PSCF,-6.109996795654297,56.189998626708984,50.08000183105469
PSEC,-0.21000003814697266,6.480000019073486,6.269999980926514
PSTV,-0.15000009536743164,2.6500000953674316,2.5
PSTX,-6.390000343322754,15.350000381469727,8.960000038146973
PT,-0.5700000524520874,1.850000023841858,1.2799999713897705
PTE,-1.7500000596046448,2.7100000381469727,0.9599999785423279
PTEN,-4.12999963760376,10.489999771118164,6.360000133514404
PTMN,-0.1399998664855957,2.119999885559082,1.9800000190734863
PTSI,-5.3600006103515625,57.38999938964844,52.029998779296875
PTVCA,-0.8500003814697266,15.75,14.899999618530273
PTVCB,-1.9300003051757812,16.079999923706055,14.149999618530273
PUI,-2.239999771118164,33.81999969482422,31.579999923706055
PULM,-0.1499999761581421,1.6200000047683716,1.4700000286102295
PVAC,-19.790000915527344,30.190000534057617,10.399999618530273
PVBC,-0.7799997329711914,12.449999809265137,11.670000076293945
PWOD,-13.860000610351562,35.36000061035156,21.5
PXI,-8.040000915527344,28.09000015258789,20.049999237060547
PXLW,-0.6499998569488525,3.8499999046325684,3.200000047683716
PXS,-0.029999971389770508,1.1399999856948853,1.1100000143051147
PYPD,-9.640000343322754,19.0,9.359999656677246
QABA,-4.959999084472656,51.88999938964844,46.93000030517578
QCRH,-3.2099990844726562,43.20000076293945,39.9900016784668
QH,-3.9200000762939453,12.770000457763672,8.850000381469727
QIWI,-9.39000129699707,19.290000915527344,9.899999618530273
QK,-8.299999713897705,11.319999694824219,3.0199999809265137
QLGN,-1.815000295639038,5.175000190734863,3.359999895095825
QTNT,-4.340000152587891,9.380000114440918,5.039999961853027
QTT,-0.5400002002716064,3.630000114440918,3.0899999141693115
QUIK,-2.120000123977661,5.880000114440918,3.759999990463257
QURE,-34.26000213623047,70.26000213623047,36.0
QYLD,-0.6050014495849609,23.735000610351562,23.1299991607666
RAND,-7.75,24.299999237060547,16.549999237060547
RAPT,-9.420000076293945,29.889999389648438,20.469999313354492
RAVE,-0.690000057220459,1.7200000286102295,1.0299999713897705
RAVN,-2.1100006103515625,34.81999969482422,32.709999084472656
RBB,-4.739999771118164,20.979999542236328,16.239999771118164
RBCAA,-10.269996643066406,46.66999816894531,36.400001525878906
RBKB,-2.310000419616699,11.3100004196167,9.0
RBNC,-1.9200000762939453,22.1299991607666,20.209999084472656
RCEL,-19.369998931884766,44.79999923706055,25.43000030517578
RCMT,-0.2799999713897705,2.940000057220459,2.6600000858306885
RCON,-0.6400001049041748,2.880000114440918,2.240000009536743
RDI,-5.449999809265137,11.039999961853027,5.590000152587891
RDIB,-6.0,27.0,21.0
RDNT,-1.3800010681152344,20.18000030517578,18.799999237060547
RDUS,-0.15999984741210938,19.479999542236328,19.31999969482422
REDU,-1.169999599456787,6.71999979019165,5.550000190734863
REED,-0.04999995231628418,0.8999999761581421,0.8500000238418579
REG,-14.740001678466797,61.68000030517578,46.939998626708984
REPH,-14.320000648498535,17.530000686645508,3.2100000381469727
RETA,-102.41999816894531,207.1999969482422,104.77999877929688
RFIL,-0.9600000381469727,6.769999980926514,5.809999942779541
RGCO,-4.899999618530273,28.170000076293945,23.270000457763672
RGLD,-13.590003967285156,121.12000274658203,107.52999877929688
RGP,-4.5,16.329999923706055,11.829999923706055
RIBT,-0.5400000810623169,1.440000057220459,0.8999999761581421
RILYG,-0.5879993438720703,25.83799934387207,25.25
RILYH,-0.2800006866455078,25.920000076293945,25.639999389648438
RILYI,-0.3000011444091797,25.700000762939453,25.399999618530273
RILYO,-0.3130016326904297,25.700000762939453,25.386999130249023
RILYZ,-0.4500007629394531,25.579999923706055,25.1299991607666
RIVE,-3.8600006103515625,13.600000381469727,9.739999771118164
RKDA,-2.870000123977661,5.760000228881836,2.890000104904175
RLMD,-4.119998931884766,39.099998474121094,34.97999954223633
RMBI,-3.0699996948242188,15.880000114440918,12.8100004196167
RMCF,-4.510000228881836,9.050000190734863,4.539999961853027
RMR,-7.05999755859375,45.0099983215332,37.95000076293945
RMRM,-9.069999694824219,19.969999313354492,10.899999618530273
RMTI,-1.119999885559082,2.369999885559082,1.25
RNA,-6.129999160766602,28.5,22.3700008392334
RNDM,-0.050998687744140625,52.500999450683594,52.45000076293945
RNEM,-6.913997650146484,53.21799850463867,46.30400085449219
ROIC,-3.070000648498535,17.190000534057617,14.119999885559082
ROST,-4.4199981689453125,116.83000183105469,112.41000366210938
RRBI,-7.279998779296875,55.18000030517578,47.900001525878906
RRGB,-6.3899993896484375,33.0,26.610000610351562
RRR,-1.1199989318847656,24.479999542236328,23.360000610351562
RSSS,-1.0099999904632568,3.549999952316284,2.5399999618530273
RTLR,-7.6100006103515625,17.040000915527344,9.430000305175781
RUHN,-5.720000267028809,8.680000305175781,2.9600000381469727
RUTH,-3.5799999237060547,22.079999923706055,18.5
RVSB,-2.9499998092651367,8.199999809265137,5.25
RWLK,-0.11999988555908203,2.3499999046325684,2.2300000190734863
SABR,-11.470000267028809,22.75,11.279999732971191
SAFM,-38.160003662109375,174.2100067138672,136.0500030517578
SAFT,-19.580001831054688,92.77999877929688,73.19999694824219
SAL,-8.650001525878906,45.25,36.599998474121094
SANM,-2.2800025939941406,34.650001525878906,32.369998931884766
SASR,-4.619998931884766,38.15999984741211,33.540000915527344
SATS,-21.399999618530273,43.209999084472656,21.809999465942383
SBFG,-1.3600006103515625,19.020000457763672,17.65999984741211
SBLK,-0.869999885559082,11.449999809265137,10.579999923706055
SBLKZ,-0.4500007629394531,25.75,25.299999237060547
SBRA,-3.6399993896484375,20.969999313354492,17.329999923706055
SBSI,-5.269998550415039,37.099998474121094,31.829999923706055
SBT,-3.380000114440918,8.140000343322754,4.760000228881836
SCHL,-12.44999885559082,38.2599983215332,25.809999465942383
SCON,-0.23000001907348633,1.899999976158142,1.6699999570846558
SCOR,-1.6299998760223389,4.869999885559082,3.240000009536743
SCSC,-11.049999237060547,36.779998779296875,25.729999542236328
SCWX,-3.679999351501465,17.81999969482422,14.140000343322754
SCYX,-1.390000343322754,8.970000267028809,7.579999923706055
SEAC,-2.6899999380111694,3.859999895095825,1.1699999570846558
SECO,-3.3600001335144043,6.050000190734863,2.690000057220459
SEIC,-11.050003051757812,65.80000305175781,54.75
SELF,-0.3600001335144043,4.400000095367432,4.039999961853027
SENEA,-1.6100006103515625,39.88999938964844,38.279998779296875
SENEB,-2.740001678466797,41.0,38.2599983215332
SFBC,-3.0,36.0,33.0
SFET,-1.4700000286102295,2.990000009536743,1.5199999809265137
SFNC,-1.7700004577636719,26.8700008392334,25.100000381469727
SFST,-2.4099998474121094,42.310001373291016,39.900001525878906
SGA,-7.789999008178711,30.309999465942383,22.520000457763672
SGH,-0.15999984741210938,38.939998626708984,38.779998779296875
SHBI,-3.7099990844726562,17.049999237060547,13.34000015258789
SHEN,-1.7999992370605469,41.439998626708984,39.63999938964844
SHIP,-7.550000309944153,8.640000343322754,1.090000033378601
SHOO,-9.450000762939453,43.11000061035156,33.65999984741211
SIC,-1.380000114440918,9.010000228881836,7.630000114440918
SIEB,-1.760000228881836,8.770000457763672,7.010000228881836
SIEN,-4.069999694824219,8.6899995803833,4.619999885559082
SIGI,-0.48000335693359375,65.44000244140625,64.95999908447266
SINA,-1.2999992370605469,43.36000061035156,42.060001373291016
SIRI,-0.869999885559082,7.130000114440918,6.260000228881836
SJ,-0.880000114440918,10.140000343322754,9.260000228881836
SKYW,-25.540000915527344,65.04000091552734,39.5
SLCT,-2.9099998474121094,12.34000015258789,9.430000305175781
SLGL,-5.890000343322754,15.75,9.859999656677246
SLMBP,-1.5799980163574219,55.459999084472656,53.880001068115234
SLNO,-0.7400000095367432,2.799999952316284,2.059999942779541
SLRC,-2.9599990844726562,20.559999465942383,17.600000381469727
SLRX,-2.5200001001358032,3.6500000953674316,1.1299999952316284
SLVO,-0.23000001907348633,7.039999961853027,6.809999942779541
SMBC,-6.189998626708984,38.349998474121094,32.15999984741211
SMBK,-3.3000011444091797,23.440000534057617,20.139999389648438
SMMF,-5.75,26.549999237060547,20.799999237060547
SNCR,-0.48000001907348633,5.510000228881836,5.03000020980835
SND,-0.6000000238418579,2.4600000381469727,1.8600000143051147
SNDE,-15.22599983215332,18.145999908447266,2.9200000762939453
SNDL,-1.8199999332427979,3.0299999713897705,1.2100000381469727
SNES,-9.170000314712524,11.220000267028809,2.049999952316284
SNLN,-1.4300003051757812,17.56999969482422,16.139999389648438
SNSS,-0.7000000476837158,3.4000000953674316,2.700000047683716
SNY,-3.0800018310546875,50.68000030517578,47.599998474121094
SOHO,-3.940000057220459,6.710000038146973,2.7699999809265137
SOHOB,-11.880000114440918,26.43000030517578,14.550000190734863
SOHON,-11.715999603271484,26.05299949645996,14.336999893188477
SOHOO,-11.75200080871582,25.75200080871582,14.0
SOLY,-0.5099992752075195,10.979999542236328,10.470000267028809
SONA,-4.340000152587891,16.239999771118164,11.899999618530273
SONM,-2.6679999828338623,3.5199999809265137,0.8519999980926514
SONN,-12.389999866485596,15.079999923706055,2.690000057220459
SP,-13.339998245239258,42.41999816894531,29.079999923706055
SPFI,-1.8700008392333984,21.0,19.1299991607666
SPKEP,-0.31999969482421875,25.420000076293945,25.100000381469727
SPOK,-1.010000228881836,12.130000114440918,11.119999885559082
SQQQ,-92.89000034332275,106.5,13.609999656677246
SRCE,-12.25,51.810001373291016,39.560001373291016
SRET,-6.329999923706055,15.319999694824219,8.989999771118164
SREV,-0.10000002384185791,1.7400000095367432,1.6399999856948853
SRGA,-0.9900000095367432,2.690000057220459,1.7000000476837158
SRPT,-39.099998474121094,129.08999633789062,89.98999786376953
SRRA,-586.9299755096436,601.5999755859375,14.670000076293945
SSB,-16.229995727539062,86.87999725341797,70.6500015258789
SSKN,-0.12000000476837158,1.8899999856948853,1.7699999809265137
SSRM,-1.0499992370605469,18.969999313354492,17.920000076293945
STAY,-0.4099998474121094,14.949999809265137,14.539999961853027
STBA,-14.309999465942383,40.56999969482422,26.260000228881836
STFC,-13.560001373291016,30.200000762939453,16.639999389648438
STRA,-69.739990234375,160.0399932861328,90.30000305175781
STRS,-4.979999542236328,30.979999542236328,26.0
STSA,-13.6899995803833,19.649999618530273,5.960000038146973
STXB,-4.94999885559082,23.229999542236328,18.280000686645508
SUNS,-3.1700000762939453,17.649999618530273,14.479999542236328
SVBI,-1.559999942779541,9.25,7.690000057220459
SVC,-13.239999771118164,23.90999984741211,10.670000076293945
SVRA,-2.5399999618530273,4.079999923706055,1.5399999618530273
SVVC,-0.5199999809265137,6.380000114440918,5.860000133514404
SXTC,-0.06999999284744263,0.800000011920929,0.7300000190734863
SY,-0.09000015258789062,12.130000114440918,12.039999961853027
SYNL,-4.880000114440918,12.720000267028809,7.840000152587891
TACT,-1.8299999237060547,10.899999618530273,9.069999694824219
TANNZ,-0.09000015258789062,25.440000534057617,25.350000381469727
TAOP,-0.09999990463256836,3.4800000190734863,3.380000114440918
TARA,-0.8099994659423828,18.639999389648438,17.829999923706055
TAST,-0.940000057220459,7.03000020980835,6.090000152587891
TAYD,-0.7200002670288086,11.050000190734863,10.329999923706055
TBLT,-1.3600000143051147,2.75,1.3899999856948853
TBNK,-7.350000381469727,30.770000457763672,23.420000076293945
TBPH,-5.879999160766602,24.670000076293945,18.790000915527344
TC,-3.120000123977661,6.880000114440918,3.759999990463257
TCBIL,-0.7999992370605469,26.219999313354492,25.420000076293945
TCBIP,-0.8600006103515625,26.290000915527344,25.43000030517578
TCBK,-2.579998016357422,40.619998931884766,38.040000915527344
TCCO,-1.2099997997283936,4.869999885559082,3.6600000858306885
TCDA,-30.279998779296875,37.189998626708984,6.909999847412109
TCF,-8.09000015258789,47.11000061035156,39.02000045776367
TCFC,-11.589998245239258,35.349998474121094,23.760000228881836
TCFCP,-0.44300079345703125,26.58300018310547,26.139999389648438
TCMD,-11.370002746582031,66.76000213623047,55.38999938964844
TCOM,-5.820001602172852,36.970001220703125,31.149999618530273
TCPC,-2.3400001525878906,14.039999961853027,11.699999809265137
TECTP,-0.9890003204345703,10.48900032043457,9.5
TELL,-4.169999837875366,7.239999771118164,3.069999933242798
TESS,-2.6599998474121094,10.960000038146973,8.300000190734863
TFSL,-2.1199989318847656,19.719999313354492,17.600000381469727
TGA,-0.36000001430511475,1.4600000381469727,1.100000023841858
TGLS,-1.0,8.0,7.0
TH,-2.9299999475479126,4.809999942779541,1.8799999952316284
THFF,-6.529998779296875,45.369998931884766,38.84000015258789
THMO,-1.2999999523162842,4.309999942779541,3.009999990463257
THTX,-1.0,3.2300000190734863,2.2300000190734863
TIG,-0.21000003814697266,15.510000228881836,15.300000190734863
TIGO,-11.060001373291016,48.630001068115234,37.56999969482422
TILE,-6.149999618530273,16.5,10.350000381469727
TIPT,-3.1700000762939453,8.119999885559082,4.949999809265137
TLGT,-3.2999998331069946,4.199999809265137,0.8999999761581421
TNAV,-0.09999990463256836,4.869999885559082,4.769999980926514
TNXP,-0.2999999523162842,1.2699999809265137,0.9700000286102295
TOPS,-17.670000076293945,19.75,2.0799999237060547
TOTA,-3.929999351501465,10.479999542236328,6.550000190734863
TOUR,-0.47000014781951904,2.390000104904175,1.9199999570846558
TOWN,-4.029998779296875,27.799999237060547,23.770000457763672
TRMD,-3.2899999618530273,10.5,7.210000038146973
TRMK,-6.310001373291016,34.2400016784668,27.93000030517578
TRMT,-1.1349999904632568,5.099999904632568,3.9649999141693115
TRST,-2.4300003051757812,8.720000267028809,6.289999961853027
TRUE,-0.2350001335144043,4.885000228881836,4.650000095367432
TRVG,-0.2999999523162842,2.680000066757202,2.380000114440918
TRVI,-0.7200000286102295,3.75,3.0299999713897705
TSBK,-5.409999847412109,30.65999984741211,25.25
TSC,-6.819999694824219,25.84000015258789,19.020000457763672
TSCAP,-0.6499996185302734,26.65999984741211,26.010000228881836
TSCBP,-1.1900005340576172,26.899999618530273,25.709999084472656
TTMI,-1.4700002670288086,15.15999984741211,13.6899995803833
TTNP,-3.129999876022339,6.599999904632568,3.4700000286102295
TURN,-0.24000024795532227,6.510000228881836,6.269999980926514
TWIN,-3.309999942779541,11.170000076293945,7.860000133514404
TXMD,-0.690000057220459,2.440000057220459,1.75
TYHT,-1.7850000858306885,5.625,3.8399999141693115
TZAC,-1.7100000381469727,10.460000038146973,8.75
UAE,-0.28800010681152344,13.510000228881836,13.222000122070312
UAL,-49.79999923706055,89.73999786376953,39.939998626708984
UBCP,-1.3199996948242188,14.75,13.430000305175781
UBFO,-3.809999942779541,10.579999923706055,6.769999980926514
UBSI,-5.630001068115234,38.70000076293945,33.06999969482422
UBX,-0.6599998474121094,7.119999885559082,6.460000038146973
UCBI,-0.7600002288818359,30.989999771118164,30.229999542236328
UCL,-6.939999580383301,17.239999771118164,10.300000190734863
UFCS,-15.369998931884766,43.91999816894531,28.549999237060547
UFPT,-1.3699989318847656,48.13999938964844,46.77000045776367
UG,-6.289999008178711,20.299999237060547,14.010000228881836
UIHC,-7.050000190734863,12.300000190734863,5.25
ULBI,-1.570000171661377,7.519999980926514,5.949999809265137
UMPQ,-3.0799999237060547,18.18000030517578,15.100000381469727
UNAM,-0.6800003051757812,6.300000190734863,5.619999885559082
UNB,-8.759998321533203,35.91999816894531,27.15999984741211
UNTY,-3.769998550415039,22.309999465942383,18.540000915527344
UONEK,-0.2700001001358032,1.9500000476837158,1.6799999475479126
URBN,-0.7000007629394531,27.829999923706055,27.1299991607666
URGN,-10.69999885559082,32.56999969482422,21.8700008392334
USAP,-7.9200005531311035,15.100000381469727,7.179999828338623
USOI,-16.385000705718994,21.2450008392334,4.860000133514404
USWS,-0.7700000405311584,1.690000057220459,0.9200000166893005
UTMD,-20.730003356933594,106.76000213623047,86.02999877929688
UTSI,-1.1200001239776611,2.930000066757202,1.809999942779541
UVSP,-3.8299999237060547,26.6200008392334,22.790000915527344
UXIN,-1.059999942779541,2.2899999618530273,1.2300000190734863
VBFC,-2.8400001525878906,38.150001525878906,35.310001373291016
VBTX,-3.1899986267089844,29.309999465942383,26.1200008392334
VCNX,-2.510000228881836,5.010000228881836,2.5
VEON,-0.9299999475479126,2.549999952316284,1.6200000047683716
VERO,-2.660000205039978,4.550000190734863,1.8899999856948853
VERY,-3.1399993896484375,12.359999656677246,9.220000267028809
VIOT,-1.0099997520446777,8.1899995803833,7.179999828338623
VIRC,-1.4300003051757812,4.300000190734863,2.869999885559082
VITL,-9.759998321533203,35.2599983215332,25.5
VIVE,-7.230000019073486,11.0,3.7699999809265137
VKTX,-0.4399995803833008,7.949999809265137,7.510000228881836
VLGEA,-1.8100013732910156,23.040000915527344,21.229999542236328
VLY,-1.0099992752075195,11.359999656677246,10.350000381469727
VLYPO,-1.5699996948242188,27.079999923706055,25.510000228881836
VLYPP,-0.7000007629394531,28.579999923706055,27.8799991607666
VNDA,-1.5700006484985352,16.18000030517578,14.609999656677246
VNOM,-11.649999618530273,25.809999465942383,14.15999984741211
VNQI,-6.170001983642578,59.45000076293945,53.279998779296875
VOD,-1.9799995422363281,19.43000030517578,17.450000762939453
VONV,-0.31999969482421875,120.33999633789062,120.0199966430664
VRA,-3.310000419616699,11.789999961853027,8.479999542236328
VRCA,-3.119999885559082,15.260000228881836,12.140000343322754
VREX,-11.189998626708984,30.479999542236328,19.290000915527344
VRM,-7.600002288818359,47.900001525878906,40.29999923706055
VRRM,-1.0299997329711914,14.130000114440918,13.100000381469727
VSAT,-27.37999725341797,73.5999984741211,46.220001220703125
VSEC,-3.049999237060547,37.54999923706055,34.5
VSTA,-4.370000839233398,18.850000381469727,14.479999542236328
VTSI,-0.8600001335144043,4.710000038146973,3.8499999046325684
VWOB,-0.5600051879882812,81.51000213623047,80.94999694824219
VYGR,-6.079999923706055,13.579999923706055,7.5
VYMI,-2.9299964904785156,64.69999694824219,61.77000045776367
WABC,-10.71999740600586,67.62999725341797,56.90999984741211
WAFD,-10.150001525878906,36.4900016784668,26.34000015258789
WASH,-9.69000244140625,53.470001220703125,43.779998779296875
WB,-3.94000244140625,51.060001373291016,47.119998931884766
WBA,-10.25,59.08000183105469,48.83000183105469
WDC,-8.03000259399414,65.62000274658203,57.59000015258789
WEN,-1.9099998474121094,22.34000015258789,20.43000030517578
WEYS,-9.049999237060547,26.389999389648438,17.34000015258789
WHFBZ,-0.555999755859375,26.326000213623047,25.770000457763672
WINA,-22.5,198.5,176.0
WINT,-7.239999771118164,12.75,5.510000228881836
WISA,-9.3100004196167,12.600000381469727,3.2899999618530273
WKEY,-4.169999599456787,11.239999771118164,7.070000171661377
WLFC,-30.149999618530273,58.63999938964844,28.489999771118164
WNEB,-2.8299999237060547,9.579999923706055,6.75
WORX,-0.8510000705718994,2.9210000038146973,2.069999933242798
WSBC,-7.910001754760742,37.4900016784668,29.579999923706055
WSBF,-0.31999969482421875,18.90999984741211,18.59000015258789
WSG,-0.19500017166137695,2.690000057220459,2.494999885559082
WSTL,-0.0989999771118164,0.949999988079071,0.8510000109672546
WTBA,-4.930000305175781,25.530000686645508,20.600000381469727
WTER,-0.1799999475479126,1.3700000047683716,1.190000057220459
WTFC,-9.529998779296875,71.06999969482422,61.540000915527344
WTFCM,-1.7639999389648438,29.384000778198242,27.6200008392334
WTREP,-0.7199993133544922,26.0,25.280000686645508
WVFC,-1.3200006484985352,16.020000457763672,14.699999809265137
WVVI,-0.020000457763671875,7.010000228881836,6.989999771118164
WW,-10.489999771118164,35.369998931884766,24.8799991607666
WWD,-5.540000915527344,120.72000122070312,115.18000030517578
WYNN,-41.840003967285156,143.60000610351562,101.76000213623047
XCUR,-0.6299998760223389,2.799999952316284,2.1700000762939453
XENT,-1.5300006866455078,24.600000381469727,23.06999969482422
XERS,-1.3399996757507324,6.699999809265137,5.360000133514404
XFOR,-3.1399998664855957,10.949999809265137,7.809999942779541
XGN,-10.220001220703125,25.950000762939453,15.729999542236328
XRAY,-3.0100021362304688,56.93000030517578,53.91999816894531
YGYI,-2.89000004529953,3.2100000381469727,0.3199999928474426
YGYIP,-12.110000610351562,21.760000228881836,9.649999618530273
YJ,-2.1500000953674316,4.480000019073486,2.3299999237060547
YORW,-1.0900001525878906,44.88999938964844,43.79999923706055
YTRA,-1.1000001430511475,3.180000066757202,2.0799999237060547
ZAGG,-3.8600006103515625,8.100000381469727,4.239999771118164
ZCMD,-2.1800001859664917,4.03000020980835,1.850000023841858
ZEAL,-1.2099990844726562,34.22999954223633,33.02000045776367
ZEUS,-3.0199995040893555,17.729999542236328,14.710000038146973
ZGNX,-32.920000076293945,52.34000015258789,19.420000076293945
ZION,-7.739997863769531,52.439998626708984,44.70000076293945
ZIONL,-3.950000762939453,31.350000381469727,27.399999618530273
ZIONN,-0.030000686645507812,25.75,25.719999313354492
ZIONO,-1.239999771118164,28.399999618530273,27.15999984741211
ZIONP,-0.09000015258789062,25.0,24.90999984741211
ZIOP,-0.8299999237060547,4.619999885559082,3.7899999618530273
ZSAN,-0.5399999618530273,1.5199999809265137,0.9800000190734863
ZYNE,-2.4000000953674316,5.880000114440918,3.4800000190734863
